<?xml version="1.0" encoding="UTF-8" ?>
<!DOCTYPE mapper
        PUBLIC "-//mybatis.org//DTD Mapper 3.0//EN"
        "http://mybatis.org/dtd/mybatis-3-mapper.dtd">
<mapper namespace="com.bdqn.ebuy.dao.news.NewsMapper">
<resultMap id="News" type="News">
    <id property="id" column="id"></id>
    <result column="title" property="title"/>
    <result property="content" column="content"/>
    <result property="createTime" column="createTime"/>
    <result property="visible" column="visible"/>
</resultMap>
    <insert id="addNews" parameterType="News">
        INSERT INTO easybuy_news VALUES(NULL,#{title},#{content},NOW(),'1')
    </insert>
    <select id="queryNewsAllByVisible" resultMap="News">
        SELECT * FROM easybuy_news WHERE visible=1 ORDER BY id DESC
    </select>
    <update id="updateNews" parameterType="News">
        UPDATE easybuy_news SET title=#{title},content=#{content}  WHERE id=#{id}
    </update>
    <select id="queryNewsById" parameterType="Integer" resultMap="News">
        SELECT * FROM easybuy_news WHERE id=#{id}
    </select>
    <update id="updateNewsByVisible" parameterType="News">
        UPDATE easybuy_news SET visible=0 WHERE id=#{id}
    </update>
    <select id="countAllNews" resultType="integer">
        SELECT count(1) FROM easybuy_news where visible=1
    </select>
</mapper>